{
  "scaler_type": "standard",
  "feature_columns": [
    "open",
    "high",
    "low",
    "close",
    "volume",
    "taker_buy_volume",
    "whale_tx_count",
    "whale_btc_volume",
    "rsi_14",
    "MACD_12_26_9",
    "BBL_5_2.0",
    "BBM_5_2.0",
    "BBU_5_2.0",
    "obv",
    "vwap",
    "hour_sin",
    "day_of_week_sin",
    "month_sin",
    "day_of_month_sin",
    "year_sin",
    "price_change_1h",
    "price_change_4h",
    "price_change_1d",
    "volume_sma_24h",
    "volume_ratio",
    "price_volatility_1h",
    "price_volatility_4h"
  ],
  "target_columns": [
    "target_close_0",
    "target_low_0",
    "target_high_0",
    "target_close_1",
    "target_low_1",
    "target_high_1",
    "target_close_2",
    "target_low_2",
    "target_high_2",
    "target_close_3",
    "target_low_3",
    "target_high_3",
    "target_close_4",
    "target_low_4",
    "target_high_4",
    "target_close_5",
    "target_low_5",
    "target_high_5",
    "target_close_6",
    "target_low_6",
    "target_high_6",
    "target_close_7",
    "target_low_7",
    "target_high_7",
    "target_close_8",
    "target_low_8",
    "target_high_8",
    "target_close_9",
    "target_low_9",
    "target_high_9",
    "target_close_10",
    "target_low_10",
    "target_high_10",
    "target_close_11",
    "target_low_11",
    "target_high_11"
  ],
  "n_features": 27,
  "n_targets": 36,
  "train_samples": 569687,
  "feature_means": [
    28734.564134338598,
    28769.12467500922,
    28699.300808985077,
    28734.681439102893,
    18.675698264285547,
    9.337849132142773,
    0.13589567604667124,
    5.960617869505887,
    50.39142413222534,
    0.8596424842659223,
    28658.834853243985,
    28734.458416633894,
    28810.079744176794,
    -57395.85826467248,
    28718.667545783002,
    2.418551694712795e-05,
    -0.0010246783463730258,
    0.02997892948200964,
    0.0037664979817277817,
    -0.15819213006438068,
    8.606013884090313e-05,
    0.0003385096804866969,
    0.002038608148231952,
    18.67406551988968,
    1.0308240152097115,
    62.95110947657176,
    122.82676126455844
  ],
  "feature_scales": [
    18609.671192042788,
    18633.028295462336,
    18585.73966955159,
    18609.729514631937,
    31.059079023289176,
    15.529539511644588,
    0.3832575149372313,
    26.48565473887826,
    10.764510830740425,
    74.93598881414735,
    18559.044766803287,
    18609.533226784926,
    18660.47254523807,
    43373.55306609649,
    18593.619191879952,
    0.7071030571037422,
    0.7070324443092244,
    0.7040296202464988,
    0.7029574377015918,
    0.7086692713852292,
    0.0072405225654776605,
    0.014071083949922129,
    0.034653811898676924,
    19.99194980105503,
    1.3894681936120075,
    82.98560570075277,
    152.80772475889256
  ]
}