{
  "train_losses": [
    142.38258743286133,
    51.95220874604725,
    32.442969095139276,
    25.577654611496698,
    20.1193205061413
  ],
  "val_scores": [
    63.17903553355824,
    25.772780331698332,
    22.535337014631793,
    19.866635929454457,
    10.006097056648947
  ],
  "best_epoch": 5
}