{
  "train_losses": [
    138.26144964044744,
    89.35111583362927
  ],
  "val_scores": [
    51.72689946492513,
    29.362977345784504
  ],
  "best_epoch": 2
}