{
  "train_losses": [
    0.9994656102997916,
    0.999466822260902
  ],
  "val_scores": [
    0.9994302500378002,
    0.9994287545030768
  ],
  "best_epoch": 2
}