{
  "train_losses": [
    76.98606792573005,
    43.428489008257465,
    32.147124998031124,
    18.966159635974513,
    14.438457181376796
  ],
  "val_scores": [
    64.06840931285511,
    51.40860921686346,
    21.62662982940674,
    11.197776187549938,
    3.584941278804432
  ],
  "best_epoch": 5
}