{
  "train_losses": [
    0.9994796303010756,
    0.99947166058325
  ],
  "val_scores": [
    0.999533165584911,
    0.999530320817774
  ],
  "best_epoch": 2
}