{
  "train_losses": [
    273.11202239990234,
    124.06632995605469
  ],
  "val_scores": [
    60.731593449910484,
    49.852673848470054
  ],
  "best_epoch": 2
}