{
  "train_losses": [
    0.9995010238067776,
    0.9994902751025032
  ],
  "val_scores": [
    0.9994870911944996,
    0.9994808272881941
  ],
  "best_epoch": 2
}