{
  "train_losses": [
    88.7648442586263,
    71.04747489646628
  ],
  "val_scores": [
    66.74606259663899,
    32.9341204961141
  ],
  "best_epoch": 2
}