{
  "train_losses": [
    73.340404772291,
    38.29503885904948,
    22.788333126142913,
    15.71084374072505,
    10.316872278849283
  ],
  "val_scores": [
    25.055003946477715,
    39.58686620538885,
    16.182376688176934,
    5.391818328337236,
    3.40047905661843
  ],
  "best_epoch": 5
}