{
  "train_losses": [
    0.999585585160689,
    0.9995847290212457
  ],
  "val_scores": [
    0.999402485110543,
    0.9994012713432312
  ],
  "best_epoch": 2
}