{
  "train_losses": [
    59.87986894087358,
    39.75787128101695,
    38.7752650867809,
    26.78118324279785,
    24.924300453879617
  ],
  "val_scores": [
    20.503954367204145,
    23.845897674560547,
    18.555070356889203,
    21.68008327484131,
    7.946570526469838
  ],
  "best_epoch": 5
}