{
  "train_losses": [
    390.1536509195964,
    240.36017608642578
  ],
  "val_scores": [
    350.4883270263672,
    262.41054407755536
  ],
  "best_epoch": 2
}