{
  "train_losses": [
    0.5209917945246543,
    0.5092532057915965,
    0.5080986657450276
  ],
  "val_scores": [
    0.786332324627907,
    0.7838239439072148,
    0.7835298699717368
  ],
  "best_epoch": 3
}