{
  "train_losses": [
    0.9994939347592796,
    0.9994837554489694
  ],
  "val_scores": [
    0.9994645281271501,
    0.9994602040811018
  ],
  "best_epoch": 2
}