{
  "train_losses": [
    188.3782203311012,
    74.84784189860027
  ],
  "val_scores": [
    41.68131446838379,
    23.98070255915324
  ],
  "best_epoch": 2
}