{
  "train_losses": [
    157.30971294496118,
    46.84397585799054,
    32.04196697328149,
    19.84319582218077,
    15.576727076274592
  ],
  "val_scores": [
    33.52179509943182,
    52.32821377840909,
    20.163196737116035,
    8.078820618716152,
    8.07526228644631
  ],
  "best_epoch": 5
}