{
  "train_losses": [
    4.373303878296642,
    1.2745999268772785,
    1.18233306450465,
    0.6146247891752681
  ],
  "val_scores": [
    0.5257955904016023,
    1.6303385820225618,
    1.440766699527153,
    0.4979091472498818
  ]
}