{
  "hidden_size": 128,
  "num_layers": 1,
  "lr": 0.000836519904386706,
  "batch_size": 16,
  "weight_decay": 1.382260496109988e-07,
  "dropout": 0.0,
  "epochs": 2,
  "grad_clip": 0.555095333303639,
  "use_layer_norm": false,
  "activation": "GELU"
}