{
  "train_losses": [
    1.4952996836664219
  ],
  "val_scores": [
    0.5051706072948732
  ]
}