{
  "hidden_size": 64,
  "num_layers": 4,
  "lr": 0.00017243899189022012,
  "batch_size": 32,
  "weight_decay": 0.004421389477816107,
  "dropout": 0.30000000000000004,
  "epochs": 3,
  "grad_clip": 0.682408099769147,
  "use_layer_norm": false,
  "activation": "GELU"
}