{
  "train_losses": [
    0.4771074828569722,
    0.46799436434540914,
    0.0,
    0.0,
    0.0,
    0.0,
    0.0
  ],
  "val_scores": [
    0.48911388666004285,
    0.0,
    0.0,
    0.0,
    0.0,
    0.0,
    0.0
  ]
}